Country_or_Other,NewCases,NewDeaths,Date_Time
China,1.0,0.0,2020-05-08 11:45:16.827205
USA,29162.0,1687.0,2020-05-08 11:45:16.827205
Spain,3262.0,229.0,2020-05-08 11:45:16.827205
Italy,1327.0,243.0,2020-05-08 11:45:16.827205
UK,4649.0,626.0,2020-05-08 11:45:16.827205
Russia,10699.0,98.0,2020-05-08 11:45:16.827205
France,1288.0,243.0,2020-05-08 11:45:16.827205
Germany,1158.0,118.0,2020-05-08 11:45:16.827205
Brazil,10199.0,804.0,2020-05-08 11:45:16.827205
Turkey,1848.0,48.0,2020-05-08 11:45:16.827205
Iran,1556.0,55.0,2020-05-08 11:45:16.827205
Canada,1512.0,161.0,2020-05-08 11:45:16.827205
Peru,3321.0,87.0,2020-05-08 11:45:16.827205
India,3344.0,96.0,2020-05-08 11:45:16.827205
Belgium,591.0,106.0,2020-05-08 11:45:16.827205
Netherlands,319.0,71.0,2020-05-08 11:45:16.827205
Saudi Arabia,1701.0,10.0,2020-05-08 11:45:16.827205
Switzerland,81.0,13.0,2020-05-08 11:45:16.827205
Mexico,1982.0,257.0,2020-05-08 11:45:16.827205
Ecuador,0.0,50.0,2020-05-08 11:45:16.827205
Portugal,553.0,9.0,2020-05-08 11:45:16.827205
Pakistan,1791.0,14.0,2020-05-08 11:45:16.827205
Chile,1391.0,9.0,2020-05-08 11:45:16.827205
Sweden,642.0,135.0,2020-05-08 11:45:16.827205
Ireland,156.0,26.0,2020-05-08 11:45:16.827205
Singapore,768.0,0.0,2020-05-08 11:45:16.827205
Belarus,933.0,5.0,2020-05-08 11:45:16.827205
Qatar,1311.0,0.0,2020-05-08 11:45:16.827205
UAE,553.0,9.0,2020-05-08 11:45:16.827205
Israel,55.0,5.0,2020-05-08 11:45:16.827205
Austria,22.0,5.0,2020-05-08 11:45:16.827205
Japan,98.0,13.0,2020-05-08 11:45:16.827205
Poland,319.0,21.0,2020-05-08 11:45:16.827205
Romania,312.0,35.0,2020-05-08 11:45:16.827205
Ukraine,504.0,21.0,2020-05-08 11:45:16.827205
Bangladesh,709.0,7.0,2020-05-08 11:45:16.827205
Indonesia,336.0,13.0,2020-05-08 11:45:16.827205
S. Korea,12.0,0.0,2020-05-08 11:45:16.827205
Philippines,120.0,11.0,2020-05-08 11:45:16.827205
Denmark,135.0,8.0,2020-05-08 11:45:16.827205
Colombia,595.0,21.0,2020-05-08 11:45:16.827205
Serbia,95.0,3.0,2020-05-08 11:45:16.827205
Dominican Republic,281.0,7.0,2020-05-08 11:45:16.827205
South Africa,663.0,17.0,2020-05-08 11:45:16.827205
Egypt,495.0,21.0,2020-05-08 11:45:16.827205
Czechia,46.0,3.0,2020-05-08 11:45:16.827205
Norway,36.0,1.0,2020-05-08 11:45:16.827205
Panama,137.0,7.0,2020-05-08 11:45:16.827205
Kuwait,641.0,3.0,2020-05-08 11:45:16.827205
Australia,18.0,0.0,2020-05-08 11:45:16.827205
Malaysia,68.0,0.0,2020-05-08 11:45:16.827205
Finland,65.0,5.0,2020-05-08 11:45:16.827205
Morocco,163.0,3.0,2020-05-08 11:45:16.827205
Argentina,240.0,11.0,2020-05-08 11:45:16.827205
Algeria,187.0,5.0,2020-05-08 11:45:16.827205
Kazakhstan,256.0,1.0,2020-05-08 11:45:16.827205
Moldova,123.0,5.0,2020-05-08 11:45:16.827205
Bahrain,245.0,0.0,2020-05-08 11:45:16.827205
Ghana,921.0,0.0,2020-05-08 11:45:16.827205
Nigeria,386.0,10.0,2020-05-08 11:45:16.827205
Luxembourg,12.0,0.0,2020-05-08 11:45:16.827205
Afghanistan,215.0,3.0,2020-05-08 11:45:16.827205
Hungary,28.0,9.0,2020-05-08 11:45:16.827205
Oman,154.0,1.0,2020-05-08 11:45:16.827205
Armenia,145.0,1.0,2020-05-08 11:45:16.827205
Thailand,8.0,0.0,2020-05-08 11:45:16.827205
Greece,13.0,2.0,2020-05-08 11:45:16.827205
Iraq,60.0,2.0,2020-05-08 11:45:16.827205
Uzbekistan,27.0,0.0,2020-05-08 11:45:16.827205
Azerbaijan,75.0,0.0,2020-05-08 11:45:16.827205
Cameroon,0.0,0.0,2020-05-08 11:45:16.827205
Croatia,36.0,0.0,2020-05-08 11:45:16.827205
Bolivia,195.0,11.0,2020-05-08 11:45:16.827205
Bosnia and Herzegovina,43.0,8.0,2020-05-08 11:45:16.827205
Guinea,82.0,0.0,2020-05-08 11:45:16.827205
Bulgaria,43.0,2.0,2020-05-08 11:45:16.827205
Iceland,0.0,0.0,2020-05-08 11:45:16.827205
Cuba,12.0,1.0,2020-05-08 11:45:16.827205
Estonia,5.0,0.0,2020-05-08 11:45:16.827205
Honduras,224.0,6.0,2020-05-08 11:45:16.827205
Ivory Coast,31.0,0.0,2020-05-08 11:45:16.827205
North Macedonia,14.0,1.0,2020-05-08 11:45:16.827205
Senegal,59.0,0.0,2020-05-08 11:45:16.827205
New Zealand,1.0,0.0,2020-05-08 11:45:16.827205
Slovakia,10.0,0.0,2020-05-08 11:45:16.827205
Slovenia,1.0,1.0,2020-05-08 11:45:16.827205
Lithuania,3.0,0.0,2020-05-08 11:45:16.827205
Djibouti,2.0,0.0,2020-05-08 11:45:16.827205
Sudan,181.0,7.0,2020-05-08 11:45:16.827205
Hong Kong,0.0,0.0,2020-05-08 11:45:16.827205
Tunisia,4.0,1.0,2020-05-08 11:45:16.827205
Somalia,0.0,0.0,2020-05-08 11:45:16.827205
Latvia,19.0,0.0,2020-05-08 11:45:16.827205
Kyrgyzstan,11.0,0.0,2020-05-08 11:45:16.827205
Cyprus,2.0,0.0,2020-05-08 11:45:16.827205
DRC,0.0,0.0,2020-05-08 11:45:16.827205
Mayotte,0.0,0.0,2020-05-08 11:45:16.827205
Albania,8.0,0.0,2020-05-08 11:45:16.827205
Sri Lanka,12.0,0.0,2020-05-08 11:45:16.827205
Guatemala,34.0,2.0,2020-05-08 11:45:16.827205
Lebanon,12.0,1.0,2020-05-08 11:45:16.827205
Niger,14.0,2.0,2020-05-08 11:45:16.827205
Costa Rica,8.0,0.0,2020-05-08 11:45:16.827205
Andorra,0.0,0.0,2020-05-08 11:45:16.827205
Burkina Faso,8.0,0.0,2020-05-08 11:45:16.827205
Maldives,96.0,0.0,2020-05-08 11:45:16.827205
El Salvador,47.0,1.0,2020-05-08 11:45:16.827205
Diamond Princess,0.0,0.0,2020-05-08 11:45:16.827205
Uruguay,10.0,1.0,2020-05-08 11:45:16.827205
Mali,18.0,3.0,2020-05-08 11:45:16.827205
San Marino,1.0,0.0,2020-05-08 11:45:16.827205
Georgia,8.0,1.0,2020-05-08 11:45:16.827205
Kenya,14.0,0.0,2020-05-08 11:45:16.827205
Gabon,116.0,0.0,2020-05-08 11:45:16.827205
Guinea-Bissau,30.0,0.0,2020-05-08 11:45:16.827205
Paraguay,101.0,0.0,2020-05-08 11:45:16.827205
Channel Islands,0.0,1.0,2020-05-08 11:45:16.827205
Tajikistan,61.0,0.0,2020-05-08 11:45:16.827205
Tanzania,29.0,5.0,2020-05-08 11:45:16.827205
Jordan,14.0,0.0,2020-05-08 11:45:16.827205
Malta,3.0,0.0,2020-05-08 11:45:16.827205
Jamaica,10.0,0.0,2020-05-08 11:45:16.827205
Taiwan,0.0,0.0,2020-05-08 11:45:16.827205
Equatorial Guinea,0.0,0.0,2020-05-08 11:45:16.827205
Réunion,0.0,0.0,2020-05-08 11:45:16.827205
Venezuela,7.0,0.0,2020-05-08 11:45:16.827205
Palestine,0.0,0.0,2020-05-08 11:45:16.827205
Mauritius,0.0,0.0,2020-05-08 11:45:16.827205
Isle of Man,0.0,0.0,2020-05-08 11:45:16.827205
Montenegro,0.0,0.0,2020-05-08 11:45:16.827205
Vietnam,0.0,0.0,2020-05-08 11:45:16.827205
Congo,10.0,0.0,2020-05-08 11:45:16.827205
Rwanda,2.0,0.0,2020-05-08 11:45:16.827205
Chad,7.0,1.0,2020-05-08 11:45:16.827205
Sierra Leone,26.0,1.0,2020-05-08 11:45:16.827205
Benin,102.0,0.0,2020-05-08 11:45:16.827205
Cabo Verde,12.0,0.0,2020-05-08 11:45:16.827205
Sao Tome and Principe,21.0,1.0,2020-05-08 11:45:16.827205
Liberia,10.0,0.0,2020-05-08 11:45:16.827205
Ethiopia,3.0,0.0,2020-05-08 11:45:16.827205
Madagascar,0.0,0.0,2020-05-08 11:45:16.827205
Faeroe Islands,0.0,0.0,2020-05-08 11:45:16.827205
Martinique,3.0,0.0,2020-05-08 11:45:16.827205
Myanmar,1.0,0.0,2020-05-08 11:45:16.827205
Zambia,14.0,0.0,2020-05-08 11:45:16.827205
Eswatini,6.0,0.0,2020-05-08 11:45:16.827205
Guadeloupe,1.0,0.0,2020-05-08 11:45:16.827205
Haiti,17.0,0.0,2020-05-08 11:45:16.827205
Gibraltar,2.0,0.0,2020-05-08 11:45:16.827205
Togo,10.0,1.0,2020-05-08 11:45:16.827205
CAR,49.0,0.0,2020-05-08 11:45:16.827205
Brunei,0.0,0.0,2020-05-08 11:45:16.827205
French Guiana,3.0,0.0,2020-05-08 11:45:16.827205
Cambodia,0.0,0.0,2020-05-08 11:45:16.827205
South Sudan,46.0,0.0,2020-05-08 11:45:16.827205
Bermuda,0.0,0.0,2020-05-08 11:45:16.827205
Trinidad and Tobago,0.0,0.0,2020-05-08 11:45:16.827205
Nepal,1.0,0.0,2020-05-08 11:45:16.827205
Aruba,0.0,0.0,2020-05-08 11:45:16.827205
Uganda,0.0,0.0,2020-05-08 11:45:16.827205
Monaco,0.0,0.0,2020-05-08 11:45:16.827205
Guyana,1.0,0.0,2020-05-08 11:45:16.827205
Bahamas,0.0,0.0,2020-05-08 11:45:16.827205
Barbados,1.0,0.0,2020-05-08 11:45:16.827205
Liechtenstein,0.0,0.0,2020-05-08 11:45:16.827205
Mozambique,1.0,0.0,2020-05-08 11:45:16.827205
Cayman Islands,1.0,0.0,2020-05-08 11:45:16.827205
Sint Maarten,0.0,0.0,2020-05-08 11:45:16.827205
Libya,0.0,0.0,2020-05-08 11:45:16.827205
French Polynesia,0.0,0.0,2020-05-08 11:45:16.827205
Syria,2.0,0.0,2020-05-08 11:45:16.827205
Macao,0.0,0.0,2020-05-08 11:45:16.827205
Malawi,0.0,0.0,2020-05-08 11:45:16.827205
Angola,7.0,0.0,2020-05-08 11:45:16.827205
Mongolia,1.0,0.0,2020-05-08 11:45:16.827205
Eritrea,0.0,0.0,2020-05-08 11:45:16.827205
Saint Martin,0.0,0.0,2020-05-08 11:45:16.827205
Yemen,9.0,2.0,2020-05-08 11:45:16.827205
Zimbabwe,0.0,0.0,2020-05-08 11:45:16.827205
Antigua and Barbuda,0.0,0.0,2020-05-08 11:45:16.827205
Timor-Leste,0.0,0.0,2020-05-08 11:45:16.827205
Botswana,0.0,0.0,2020-05-08 11:45:16.827205
Grenada,0.0,0.0,2020-05-08 11:45:16.827205
Gambia,2.0,0.0,2020-05-08 11:45:16.827205
Laos,0.0,0.0,2020-05-08 11:45:16.827205
Belize,0.0,0.0,2020-05-08 11:45:16.827205
Fiji,0.0,0.0,2020-05-08 11:45:16.827205
New Caledonia,0.0,0.0,2020-05-08 11:45:16.827205
Saint Lucia,0.0,0.0,2020-05-08 11:45:16.827205
St. Vincent Grenadines,0.0,0.0,2020-05-08 11:45:16.827205
Nicaragua,0.0,0.0,2020-05-08 11:45:16.827205
Curaçao,0.0,0.0,2020-05-08 11:45:16.827205
Dominica,0.0,0.0,2020-05-08 11:45:16.827205
Namibia,0.0,0.0,2020-05-08 11:45:16.827205
Burundi,0.0,0.0,2020-05-08 11:45:16.827205
Saint Kitts and Nevis,0.0,0.0,2020-05-08 11:45:16.827205
Falkland Islands,0.0,0.0,2020-05-08 11:45:16.827205
Turks and Caicos,0.0,0.0,2020-05-08 11:45:16.827205
Vatican City,0.0,0.0,2020-05-08 11:45:16.827205
Montserrat,0.0,0.0,2020-05-08 11:45:16.827205
Greenland,0.0,0.0,2020-05-08 11:45:16.827205
Seychelles,0.0,0.0,2020-05-08 11:45:16.827205
Suriname,0.0,0.0,2020-05-08 11:45:16.827205
MS Zaandam,0.0,0.0,2020-05-08 11:45:16.827205
Comoros,0.0,0.0,2020-05-08 11:45:16.827205
Mauritania,0.0,0.0,2020-05-08 11:45:16.827205
Papua New Guinea,0.0,0.0,2020-05-08 11:45:16.827205
British Virgin Islands,0.0,0.0,2020-05-08 11:45:16.827205
Bhutan,0.0,0.0,2020-05-08 11:45:16.827205
Caribbean Netherlands,0.0,0.0,2020-05-08 11:45:16.827205
St. Barth,0.0,0.0,2020-05-08 11:45:16.827205
Western Sahara,0.0,0.0,2020-05-08 11:45:16.827205
Anguilla,0.0,0.0,2020-05-08 11:45:16.827205
Saint Pierre Miquelon,0.0,0.0,2020-05-08 11:45:16.827205
China,2.0,0.0,2020-05-07 11:28:47.000107
USA,29531.0,2129.0,2020-05-07 11:28:47.000107
Spain,3173.0,213.0,2020-05-07 11:28:47.000107
Italy,1401.0,274.0,2020-05-07 11:28:47.000107
UK,5614.0,539.0,2020-05-07 11:28:47.000107
Russia,11231.0,88.0,2020-05-07 11:28:47.000107
France,600.0,178.0,2020-05-07 11:28:47.000107
Germany,1268.0,117.0,2020-05-07 11:28:47.000107
Brazil,9082.0,600.0,2020-05-07 11:28:47.000107
Turkey,1977.0,57.0,2020-05-07 11:28:47.000107
Iran,1485.0,68.0,2020-05-07 11:28:47.000107
Canada,1426.0,176.0,2020-05-07 11:28:47.000107
Peru,3709.0,94.0,2020-05-07 11:28:47.000107
India,3364.0,104.0,2020-05-07 11:28:47.000107
Belgium,639.0,76.0,2020-05-07 11:28:47.000107
Netherlands,455.0,84.0,2020-05-07 11:28:47.000107
Saudi Arabia,1793.0,10.0,2020-05-07 11:28:47.000107
Ecuador,878.0,36.0,2020-05-07 11:28:47.000107
Switzerland,66.0,5.0,2020-05-07 11:28:47.000107
Mexico,1609.0,197.0,2020-05-07 11:28:47.000107
Portugal,533.0,16.0,2020-05-07 11:28:47.000107
Pakistan,1430.0,41.0,2020-05-07 11:28:47.000107
Sweden,705.0,99.0,2020-05-07 11:28:47.000107
Chile,1533.0,4.0,2020-05-07 11:28:47.000107
Ireland,137.0,28.0,2020-05-07 11:28:47.000107
Singapore,741.0,0.0,2020-05-07 11:28:47.000107
Belarus,913.0,4.0,2020-05-07 11:28:47.000107
Qatar,918.0,0.0,2020-05-07 11:28:47.000107
Israel,71.0,1.0,2020-05-07 11:28:47.000107
UAE,502.0,8.0,2020-05-07 11:28:47.000107
Austria,68.0,1.0,2020-05-07 11:28:47.000107
Japan,224.0,21.0,2020-05-07 11:28:47.000107
Poland,307.0,22.0,2020-05-07 11:28:47.000107
Romania,392.0,24.0,2020-05-07 11:28:47.000107
Ukraine,507.0,13.0,2020-05-07 11:28:47.000107
Indonesia,338.0,35.0,2020-05-07 11:28:47.000107
Bangladesh,706.0,13.0,2020-05-07 11:28:47.000107
S. Korea,4.0,1.0,2020-05-07 11:28:47.000107
Philippines,339.0,27.0,2020-05-07 11:28:47.000107
Denmark,145.0,8.0,2020-05-07 11:28:47.000107
Serbia,57.0,3.0,2020-05-07 11:28:47.000107
Colombia,497.0,10.0,2020-05-07 11:28:47.000107
Dominican Republic,288.0,11.0,2020-05-07 11:28:47.000107
South Africa,424.0,8.0,2020-05-07 11:28:47.000107
Norway,38.0,1.0,2020-05-07 11:28:47.000107
Czechia,57.0,8.0,2020-05-07 11:28:47.000107
Egypt,393.0,13.0,2020-05-07 11:28:47.000107
Panama,208.0,8.0,2020-05-07 11:28:47.000107
Australia,21.0,0.0,2020-05-07 11:28:47.000107
Kuwait,278.0,2.0,2020-05-07 11:28:47.000107
Malaysia,39.0,0.0,2020-05-07 11:28:47.000107
Finland,100.0,3.0,2020-05-07 11:28:47.000107
Morocco,140.0,0.0,2020-05-07 11:28:47.000107
Argentina,163.0,9.0,2020-05-07 11:28:47.000107
Algeria,185.0,7.0,2020-05-07 11:28:47.000107
Moldova,129.0,2.0,2020-05-07 11:28:47.000107
Kazakhstan,156.0,0.0,2020-05-07 11:28:47.000107
Bahrain,265.0,0.0,2020-05-07 11:28:47.000107
Luxembourg,8.0,2.0,2020-05-07 11:28:47.000107
Afghanistan,171.0,2.0,2020-05-07 11:28:47.000107
Nigeria,381.0,4.0,2020-05-07 11:28:47.000107
Hungary,39.0,10.0,2020-05-07 11:28:47.000107
Ghana,0.0,0.0,2020-05-07 11:28:47.000107
Thailand,3.0,0.0,2020-05-07 11:28:47.000107
Oman,55.0,2.0,2020-05-07 11:28:47.000107
Armenia,102.0,2.0,2020-05-07 11:28:47.000107
Greece,15.0,1.0,2020-05-07 11:28:47.000107
Iraq,63.0,0.0,2020-05-07 11:28:47.000107
Uzbekistan,65.0,0.0,2020-05-07 11:28:47.000107
Cameroon,2.0,0.0,2020-05-07 11:28:47.000107
Azerbaijan,77.0,0.0,2020-05-07 11:28:47.000107
Croatia,6.0,1.0,2020-05-07 11:28:47.000107
Bosnia and Herzegovina,40.0,4.0,2020-05-07 11:28:47.000107
Guinea,71.0,0.0,2020-05-07 11:28:47.000107
Bolivia,84.0,5.0,2020-05-07 11:28:47.000107
Bulgaria,51.0,0.0,2020-05-07 11:28:47.000107
Iceland,2.0,0.0,2020-05-07 11:28:47.000107
Cuba,26.0,4.0,2020-05-07 11:28:47.000107
Estonia,7.0,1.0,2020-05-07 11:28:47.000107
North Macedonia,33.0,1.0,2020-05-07 11:28:47.000107
Ivory Coast,55.0,2.0,2020-05-07 11:28:47.000107
Senegal,59.0,1.0,2020-05-07 11:28:47.000107
New Zealand,1.0,0.0,2020-05-07 11:28:47.000107
Honduras,191.0,6.0,2020-05-07 11:28:47.000107
Slovenia,1.0,0.0,2020-05-07 11:28:47.000107
Slovakia,16.0,1.0,2020-05-07 11:28:47.000107
Lithuania,5.0,1.0,2020-05-07 11:28:47.000107
Djibouti,9.0,0.0,2020-05-07 11:28:47.000107
Hong Kong,4.0,0.0,2020-05-07 11:28:47.000107
Tunisia,1.0,1.0,2020-05-07 11:28:47.000107
Sudan,78.0,3.0,2020-05-07 11:28:47.000107
Somalia,55.0,5.0,2020-05-07 11:28:47.000107
Latvia,9.0,1.0,2020-05-07 11:28:47.000107
Kyrgyzstan,24.0,0.0,2020-05-07 11:28:47.000107
Cyprus,6.0,0.0,2020-05-07 11:28:47.000107
DRC,66.0,1.0,2020-05-07 11:28:47.000107
Mayotte,115.0,1.0,2020-05-07 11:28:47.000107
Albania,10.0,0.0,2020-05-07 11:28:47.000107
Sri Lanka,26.0,0.0,2020-05-07 11:28:47.000107
Guatemala,35.0,2.0,2020-05-07 11:28:47.000107
Lebanon,34.0,0.0,2020-05-07 11:28:47.000107
Niger,11.0,4.0,2020-05-07 11:28:47.000107
Costa Rica,4.0,0.0,2020-05-07 11:28:47.000107
Andorra,1.0,1.0,2020-05-07 11:28:47.000107
Burkina Faso,7.0,0.0,2020-05-07 11:28:47.000107
Diamond Princess,0.0,0.0,2020-05-07 11:28:47.000107
El Salvador,62.0,0.0,2020-05-07 11:28:47.000107
Uruguay,11.0,0.0,2020-05-07 11:28:47.000107
Mali,19.0,0.0,2020-05-07 11:28:47.000107
Maldives,31.0,1.0,2020-05-07 11:28:47.000107
San Marino,14.0,0.0,2020-05-07 11:28:47.000107
Georgia,5.0,0.0,2020-05-07 11:28:47.000107
Kenya,25.0,3.0,2020-05-07 11:28:47.000107
Guinea-Bissau,89.0,0.0,2020-05-07 11:28:47.000107
Channel Islands,0.0,0.0,2020-05-07 11:28:47.000107
Gabon,107.0,2.0,2020-05-07 11:28:47.000107
Jordan,21.0,0.0,2020-05-07 11:28:47.000107
Malta,2.0,0.0,2020-05-07 11:28:47.000107
Tanzania,0.0,0.0,2020-05-07 11:28:47.000107
Jamaica,5.0,0.0,2020-05-07 11:28:47.000107
Paraguay,22.0,0.0,2020-05-07 11:28:47.000107
Tajikistan,82.0,4.0,2020-05-07 11:28:47.000107
Taiwan,1.0,0.0,2020-05-07 11:28:47.000107
Equatorial Guinea,0.0,0.0,2020-05-07 11:28:47.000107
Réunion,2.0,0.0,2020-05-07 11:28:47.000107
Venezuela,2.0,0.0,2020-05-07 11:28:47.000107
Palestine,1.0,0.0,2020-05-07 11:28:47.000107
Mauritius,0.0,0.0,2020-05-07 11:28:47.000107
Isle of Man,2.0,0.0,2020-05-07 11:28:47.000107
Montenegro,0.0,0.0,2020-05-07 11:28:47.000107
Vietnam,17.0,0.0,2020-05-07 11:28:47.000107
Rwanda,3.0,0.0,2020-05-07 11:28:47.000107
Congo,0.0,0.0,2020-05-07 11:28:47.000107
Chad,83.0,10.0,2020-05-07 11:28:47.000107
Sierra Leone,6.0,2.0,2020-05-07 11:28:47.000107
Cabo Verde,27.0,0.0,2020-05-07 11:28:47.000107
Madagascar,35.0,0.0,2020-05-07 11:28:47.000107
Ethiopia,29.0,0.0,2020-05-07 11:28:47.000107
Liberia,11.0,0.0,2020-05-07 11:28:47.000107
Sao Tome and Principe,13.0,1.0,2020-05-07 11:28:47.000107
Faeroe Islands,0.0,0.0,2020-05-07 11:28:47.000107
Martinique,1.0,0.0,2020-05-07 11:28:47.000107
Myanmar,15.0,0.0,2020-05-07 11:28:47.000107
Guadeloupe,1.0,0.0,2020-05-07 11:28:47.000107
Zambia,7.0,0.0,2020-05-07 11:28:47.000107
Eswatini,30.0,0.0,2020-05-07 11:28:47.000107
Gibraltar,0.0,0.0,2020-05-07 11:28:47.000107
Brunei,2.0,0.0,2020-05-07 11:28:47.000107
Benin,44.0,0.0,2020-05-07 11:28:47.000107
French Guiana,0.0,0.0,2020-05-07 11:28:47.000107
Togo,7.0,0.0,2020-05-07 11:28:47.000107
Haiti,28.0,0.0,2020-05-07 11:28:47.000107
Cambodia,0.0,0.0,2020-05-07 11:28:47.000107
Bermuda,0.0,0.0,2020-05-07 11:28:47.000107
Trinidad and Tobago,0.0,0.0,2020-05-07 11:28:47.000107
Aruba,0.0,1.0,2020-05-07 11:28:47.000107
Nepal,2.0,0.0,2020-05-07 11:28:47.000107
Uganda,1.0,0.0,2020-05-07 11:28:47.000107
Monaco,0.0,0.0,2020-05-07 11:28:47.000107
CAR,0.0,0.0,2020-05-07 11:28:47.000107
Guyana,0.0,0.0,2020-05-07 11:28:47.000107
Bahamas,0.0,0.0,2020-05-07 11:28:47.000107
Barbados,0.0,0.0,2020-05-07 11:28:47.000107
Liechtenstein,0.0,0.0,2020-05-07 11:28:47.000107
Mozambique,0.0,0.0,2020-05-07 11:28:47.000107
Cayman Islands,2.0,0.0,2020-05-07 11:28:47.000107
Sint Maarten,0.0,0.0,2020-05-07 11:28:47.000107
South Sudan,16.0,0.0,2020-05-07 11:28:47.000107
Libya,0.0,0.0,2020-05-07 11:28:47.000107
French Polynesia,0.0,0.0,2020-05-07 11:28:47.000107
Syria,0.0,0.0,2020-05-07 11:28:47.000107
Macao,0.0,0.0,2020-05-07 11:28:47.000107
Malawi,0.0,0.0,2020-05-07 11:28:47.000107
Mongolia,0.0,0.0,2020-05-07 11:28:47.000107
Eritrea,0.0,0.0,2020-05-07 11:28:47.000107
Saint Martin,0.0,0.0,2020-05-07 11:28:47.000107
Angola,0.0,0.0,2020-05-07 11:28:47.000107
Zimbabwe,0.0,0.0,2020-05-07 11:28:47.000107
Yemen,0.0,0.0,2020-05-07 11:28:47.000107
Antigua and Barbuda,0.0,0.0,2020-05-07 11:28:47.000107
Timor-Leste,0.0,0.0,2020-05-07 11:28:47.000107
Botswana,0.0,0.0,2020-05-07 11:28:47.000107
Grenada,0.0,0.0,2020-05-07 11:28:47.000107
Laos,0.0,0.0,2020-05-07 11:28:47.000107
Belize,0.0,0.0,2020-05-07 11:28:47.000107
Gambia,1.0,0.0,2020-05-07 11:28:47.000107
Fiji,0.0,0.0,2020-05-07 11:28:47.000107
New Caledonia,0.0,0.0,2020-05-07 11:28:47.000107
Saint Lucia,0.0,0.0,2020-05-07 11:28:47.000107
St. Vincent Grenadines,0.0,0.0,2020-05-07 11:28:47.000107
Nicaragua,0.0,0.0,2020-05-07 11:28:47.000107
Curaçao,0.0,0.0,2020-05-07 11:28:47.000107
Dominica,0.0,0.0,2020-05-07 11:28:47.000107
Namibia,0.0,0.0,2020-05-07 11:28:47.000107
Burundi,0.0,0.0,2020-05-07 11:28:47.000107
Saint Kitts and Nevis,0.0,0.0,2020-05-07 11:28:47.000107
Falkland Islands,0.0,0.0,2020-05-07 11:28:47.000107
Turks and Caicos,0.0,0.0,2020-05-07 11:28:47.000107
Vatican City,0.0,0.0,2020-05-07 11:28:47.000107
Montserrat,0.0,0.0,2020-05-07 11:28:47.000107
Greenland,0.0,0.0,2020-05-07 11:28:47.000107
Seychelles,0.0,0.0,2020-05-07 11:28:47.000107
Suriname,0.0,0.0,2020-05-07 11:28:47.000107
MS Zaandam,0.0,0.0,2020-05-07 11:28:47.000107
Comoros,0.0,0.0,2020-05-07 11:28:47.000107
Mauritania,0.0,0.0,2020-05-07 11:28:47.000107
Papua New Guinea,0.0,0.0,2020-05-07 11:28:47.000107
British Virgin Islands,0.0,0.0,2020-05-07 11:28:47.000107
Bhutan,0.0,0.0,2020-05-07 11:28:47.000107
Caribbean Netherlands,0.0,0.0,2020-05-07 11:28:47.000107
St. Barth,0.0,0.0,2020-05-07 11:28:47.000107
Western Sahara,0.0,0.0,2020-05-07 11:28:47.000107
Anguilla,0.0,0.0,2020-05-07 11:28:47.000107
Saint Pierre Miquelon,0.0,0.0,2020-05-07 11:28:47.000107
China,2.0,,2020-05-06 11:03:57.315544
USA,25459.0,2528.0,2020-05-06 11:03:57.315544
Spain,3121.0,244.0,2020-05-06 11:03:57.315544
Italy,1444.0,369.0,2020-05-06 11:03:57.315544
UK,6111.0,649.0,2020-05-06 11:03:57.315544
France,3640.0,278.0,2020-05-06 11:03:57.315544
Germany,1155.0,282.0,2020-05-06 11:03:57.315544
Russia,10559.0,86.0,2020-05-06 11:03:57.315544
Turkey,2253.0,64.0,2020-05-06 11:03:57.315544
Brazil,11896.0,667.0,2020-05-06 11:03:57.315544
Iran,1680.0,78.0,2020-05-06 11:03:57.315544
Canada,1450.0,189.0,2020-05-06 11:03:57.315544
Peru,3628.0,89.0,2020-05-06 11:03:57.315544
India,3587.0,92.0,2020-05-06 11:03:57.315544
Belgium,272.0,323.0,2020-05-06 11:03:57.315544
Netherlands,232.0,36.0,2020-05-06 11:03:57.315544
Saudi Arabia,1687.0,9.0,2020-05-06 11:03:57.315544
Switzerland,51.0,10.0,2020-05-06 11:03:57.315544
Ecuador,,49.0,2020-05-06 11:03:57.315544
Portugal,480.0,15.0,2020-05-06 11:03:57.315544
Mexico,1120.0,236.0,2020-05-06 11:03:57.315544
Sweden,702.0,87.0,2020-05-06 11:03:57.315544
Pakistan,1165.0,30.0,2020-05-06 11:03:57.315544
Chile,1032.0,6.0,2020-05-06 11:03:57.315544
Ireland,265.0,36.0,2020-05-06 11:03:57.315544
Singapore,788.0,2.0,2020-05-06 11:03:57.315544
Belarus,905.0,5.0,2020-05-06 11:03:57.315544
Qatar,830.0,,2020-05-06 11:03:57.315544
Israel,21.0,1.0,2020-05-06 11:03:57.315544
UAE,546.0,11.0,2020-05-06 11:03:57.315544
Austria,34.0,2.0,2020-05-06 11:03:57.315544
Japan,,,2020-05-06 11:03:57.315544
Poland,309.0,17.0,2020-05-06 11:03:57.315544
Romania,270.0,23.0,2020-05-06 11:03:57.315544
Ukraine,487.0,11.0,2020-05-06 11:03:57.315544
Indonesia,367.0,23.0,2020-05-06 11:03:57.315544
Bangladesh,790.0,3.0,2020-05-06 11:03:57.315544
S. Korea,2.0,1.0,2020-05-06 11:03:57.315544
Philippines,320.0,21.0,2020-05-06 11:03:57.315544
Denmark,117.0,3.0,2020-05-06 11:03:57.315544
Serbia,114.0,3.0,2020-05-06 11:03:57.315544
Colombia,346.0,19.0,2020-05-06 11:03:57.315544
Dominican Republic,327.0,8.0,2020-05-06 11:03:57.315544
Norway,41.0,1.0,2020-05-06 11:03:57.315544
Czechia,78.0,5.0,2020-05-06 11:03:57.315544
South Africa,236.0,5.0,2020-05-06 11:03:57.315544
Egypt,387.0,17.0,2020-05-06 11:03:57.315544
Panama,136.0,7.0,2020-05-06 11:03:57.315544
Australia,26.0,1.0,2020-05-06 11:03:57.315544
Malaysia,45.0,1.0,2020-05-06 11:03:57.315544
Kuwait,485.0,2.0,2020-05-06 11:03:57.315544
Finland,161.0,6.0,2020-05-06 11:03:57.315544
Morocco,189.0,2.0,2020-05-06 11:03:57.315544
Argentina,188.0,9.0,2020-05-06 11:03:57.315544
Algeria,159.0,6.0,2020-05-06 11:03:57.315544
Moldova,113.0,7.0,2020-05-06 11:03:57.315544
Kazakhstan,217.0,1.0,2020-05-06 11:03:57.315544
Bahrain,214.0,,2020-05-06 11:03:57.315544
Luxembourg,11.0,2.0,2020-05-06 11:03:57.315544
Afghanistan,168.0,9.0,2020-05-06 11:03:57.315544
Nigeria,195.0,5.0,2020-05-06 11:03:57.315544
Hungary,46.0,10.0,2020-05-06 11:03:57.315544
Ghana,372.0,,2020-05-06 11:03:57.315544
Thailand,1.0,1.0,2020-05-06 11:03:57.315544
Oman,168.0,,2020-05-06 11:03:57.315544
Armenia,163.0,,2020-05-06 11:03:57.315544
Greece,21.0,1.0,2020-05-06 11:03:57.315544
Iraq,49.0,,2020-05-06 11:03:57.315544
Cameroon,161.0,44.0,2020-05-06 11:03:57.315544
Uzbekistan,26.0,,2020-05-06 11:03:57.315544
Azerbaijan,67.0,2.0,2020-05-06 11:03:57.315544
Croatia,7.0,2.0,2020-05-06 11:03:57.315544
Bosnia and Herzegovina,41.0,7.0,2020-05-06 11:03:57.315544
Guinea,45.0,1.0,2020-05-06 11:03:57.315544
Bolivia,121.0,4.0,2020-05-06 11:03:57.315544
Iceland,,,2020-05-06 11:03:57.315544
Bulgaria,74.0,4.0,2020-05-06 11:03:57.315544
Estonia,2.0,,2020-05-06 11:03:57.315544
Cuba,18.0,,2020-05-06 11:03:57.315544
North Macedonia,13.0,2.0,2020-05-06 11:03:57.315544
Ivory Coast,52.0,,2020-05-06 11:03:57.315544
New Zealand,2.0,1.0,2020-05-06 11:03:57.315544
Slovenia,3.0,1.0,2020-05-06 11:03:57.315544
Senegal,104.0,1.0,2020-05-06 11:03:57.315544
Slovakia,8.0,,2020-05-06 11:03:57.315544
Lithuania,5.0,2.0,2020-05-06 11:03:57.315544
Honduras,92.0,10.0,2020-05-06 11:03:57.315544
Djibouti,4.0,1.0,2020-05-06 11:03:57.315544
Hong Kong,,,2020-05-06 11:03:57.315544
Tunisia,3.0,,2020-05-06 11:03:57.315544
Latvia,4.0,,2020-05-06 11:03:57.315544
Cyprus,5.0,,2020-05-06 11:03:57.315544
Somalia,38.0,1.0,2020-05-06 11:03:57.315544
Kyrgyzstan,28.0,1.0,2020-05-06 11:03:57.315544
Sudan,74.0,4.0,2020-05-06 11:03:57.315544
Albania,12.0,,2020-05-06 11:03:57.315544
DRC,92.0,1.0,2020-05-06 11:03:57.315544
Sri Lanka,26.0,,2020-05-06 11:03:57.315544
Niger,7.0,,2020-05-06 11:03:57.315544
Guatemala,33.0,,2020-05-06 11:03:57.315544
Costa Rica,6.0,,2020-05-06 11:03:57.315544
Andorra,,,2020-05-06 11:03:57.315544
Lebanon,9.0,,2020-05-06 11:03:57.315544
Mayotte,,,2020-05-06 11:03:57.315544
Burkina Faso,41.0,,2020-05-06 11:03:57.315544
Diamond Princess,,,2020-05-06 11:03:57.315544
Uruguay,3.0,,2020-05-06 11:03:57.315544
El Salvador,46.0,2.0,2020-05-06 11:03:57.315544
Mali,19.0,,2020-05-06 11:03:57.315544
Maldives,44.0,1.0,2020-05-06 11:03:57.315544
Georgia,6.0,,2020-05-06 11:03:57.315544
San Marino,19.0,,2020-05-06 11:03:57.315544
Kenya,47.0,2.0,2020-05-06 11:03:57.315544
Channel Islands,,,2020-05-06 11:03:57.315544
Malta,2.0,,2020-05-06 11:03:57.315544
Tanzania,,,2020-05-06 11:03:57.315544
Guinea-Bissau,62.0,1.0,2020-05-06 11:03:57.315544
Jamaica,2.0,,2020-05-06 11:03:57.315544
Jordan,2.0,,2020-05-06 11:03:57.315544
Paraguay,9.0,,2020-05-06 11:03:57.315544
Taiwan,1.0,,2020-05-06 11:03:57.315544
Equatorial Guinea,124.0,1.0,2020-05-06 11:03:57.315544
Réunion,1.0,,2020-05-06 11:03:57.315544
Gabon,,,2020-05-06 11:03:57.315544
Venezuela,18.0,,2020-05-06 11:03:57.315544
Tajikistan,86.0,3.0,2020-05-06 11:03:57.315544
Palestine,3.0,,2020-05-06 11:03:57.315544
Mauritius,,,2020-05-06 11:03:57.315544
Isle of Man,1.0,,2020-05-06 11:03:57.315544
Montenegro,,,2020-05-06 11:03:57.315544
Vietnam,,,2020-05-06 11:03:57.315544
Rwanda,7.0,,2020-05-06 11:03:57.315544
Congo,28.0,,2020-05-06 11:03:57.315544
Sierra Leone,26.0,3.0,2020-05-06 11:03:57.315544
Cabo Verde,5.0,,2020-05-06 11:03:57.315544
Faeroe Islands,,,2020-05-06 11:03:57.315544
Martinique,1.0,,2020-05-06 11:03:57.315544
Liberia,8.0,,2020-05-06 11:03:57.315544
Sao Tome and Principe,,,2020-05-06 11:03:57.315544
Chad,,,2020-05-06 11:03:57.315544
Ethiopia,17.0,,2020-05-06 11:03:57.315544
Myanmar,,,2020-05-06 11:03:57.315544
Madagascar,7.0,,2020-05-06 11:03:57.315544
Guadeloupe,,1.0,2020-05-06 11:03:57.315544
Zambia,8.0,1.0,2020-05-06 11:03:57.315544
Gibraltar,,,2020-05-06 11:03:57.315544
Brunei,1.0,,2020-05-06 11:03:57.315544
French Guiana,5.0,,2020-05-06 11:03:57.315544
Togo,,,2020-05-06 11:03:57.315544
Eswatini,4.0,1.0,2020-05-06 11:03:57.315544
Cambodia,,,2020-05-06 11:03:57.315544
Bermuda,3.0,,2020-05-06 11:03:57.315544
Trinidad and Tobago,,,2020-05-06 11:03:57.315544
Haiti,,,2020-05-06 11:03:57.315544
Aruba,,,2020-05-06 11:03:57.315544
Uganda,2.0,,2020-05-06 11:03:57.315544
Nepal,17.0,,2020-05-06 11:03:57.315544
Benin,,,2020-05-06 11:03:57.315544
Monaco,,,2020-05-06 11:03:57.315544
CAR,9.0,,2020-05-06 11:03:57.315544
Guyana,1.0,1.0,2020-05-06 11:03:57.315544
Bahamas,3.0,,2020-05-06 11:03:57.315544
Barbados,,,2020-05-06 11:03:57.315544
Liechtenstein,,,2020-05-06 11:03:57.315544
Mozambique,,,2020-05-06 11:03:57.315544
Cayman Islands,3.0,,2020-05-06 11:03:57.315544
Sint Maarten,,,2020-05-06 11:03:57.315544
Libya,1.0,,2020-05-06 11:03:57.315544
French Polynesia,,,2020-05-06 11:03:57.315544
South Sudan,6.0,,2020-05-06 11:03:57.315544
Syria,1.0,,2020-05-06 11:03:57.315544
Macao,,,2020-05-06 11:03:57.315544
Malawi,2.0,,2020-05-06 11:03:57.315544
Mongolia,,,2020-05-06 11:03:57.315544
Eritrea,,,2020-05-06 11:03:57.315544
Saint Martin,,,2020-05-06 11:03:57.315544
Angola,,,2020-05-06 11:03:57.315544
Zimbabwe,,,2020-05-06 11:03:57.315544
Yemen,3.0,1.0,2020-05-06 11:03:57.315544
Antigua and Barbuda,,,2020-05-06 11:03:57.315544
Timor-Leste,,,2020-05-06 11:03:57.315544
Botswana,,,2020-05-06 11:03:57.315544
Grenada,,,2020-05-06 11:03:57.315544
Laos,,,2020-05-06 11:03:57.315544
Belize,,,2020-05-06 11:03:57.315544
Fiji,,,2020-05-06 11:03:57.315544
New Caledonia,,,2020-05-06 11:03:57.315544
Saint Lucia,,,2020-05-06 11:03:57.315544
Gambia,,,2020-05-06 11:03:57.315544
St. Vincent Grenadines,,,2020-05-06 11:03:57.315544
Nicaragua,,,2020-05-06 11:03:57.315544
Curaçao,,,2020-05-06 11:03:57.315544
Dominica,,,2020-05-06 11:03:57.315544
Namibia,,,2020-05-06 11:03:57.315544
Burundi,,,2020-05-06 11:03:57.315544
Saint Kitts and Nevis,,,2020-05-06 11:03:57.315544
Falkland Islands,,,2020-05-06 11:03:57.315544
Turks and Caicos,,,2020-05-06 11:03:57.315544
Vatican City,1.0,,2020-05-06 11:03:57.315544
Montserrat,,,2020-05-06 11:03:57.315544
Greenland,,,2020-05-06 11:03:57.315544
Seychelles,,,2020-05-06 11:03:57.315544
Suriname,,,2020-05-06 11:03:57.315544
MS Zaandam,,,2020-05-06 11:03:57.315544
Comoros,5.0,1.0,2020-05-06 11:03:57.315544
Mauritania,,,2020-05-06 11:03:57.315544
Papua New Guinea,,,2020-05-06 11:03:57.315544
British Virgin Islands,,,2020-05-06 11:03:57.315544
Bhutan,,,2020-05-06 11:03:57.315544
Caribbean Netherlands,,,2020-05-06 11:03:57.315544
St. Barth,,,2020-05-06 11:03:57.315544
Western Sahara,,,2020-05-06 11:03:57.315544
Anguilla,,,2020-05-06 11:03:57.315544
Saint Pierre Miquelon,,,2020-05-06 11:03:57.315544
China,1.0,,2020-05-05 09:23:40.901862
USA,24798.0,2350.0,2020-05-05 09:23:40.901862
Spain,2260.0,185.0,2020-05-05 09:23:40.901862
Italy,1075.0,236.0,2020-05-05 09:23:40.901862
UK,4406.0,693.0,2020-05-05 09:23:40.901862
France,1089.0,330.0,2020-05-05 09:23:40.901862
Germany,855.0,,2020-05-05 09:23:40.901862
Russia,10102.0,95.0,2020-05-05 09:23:40.901862
Turkey,1832.0,59.0,2020-05-05 09:23:40.901862
Brazil,6449.0,578.0,2020-05-05 09:23:40.901862
Iran,1323.0,63.0,2020-05-05 09:23:40.901862
Canada,1274.0,189.0,2020-05-05 09:23:40.901862
Peru,3817.0,100.0,2020-05-05 09:23:40.901862
Belgium,242.0,92.0,2020-05-05 09:23:40.901862
India,2963.0,127.0,2020-05-05 09:23:40.901862
Netherlands,317.0,86.0,2020-05-05 09:23:40.901862
Ecuador,,,2020-05-05 09:23:40.901862
Saudi Arabia,1595.0,9.0,2020-05-05 09:23:40.901862
Switzerland,28.0,11.0,2020-05-05 09:23:40.901862
Portugal,178.0,11.0,2020-05-05 09:23:40.901862
Mexico,1434.0,117.0,2020-05-05 09:23:40.901862
Sweden,495.0,85.0,2020-05-05 09:23:40.901862
Pakistan,1108.0,38.0,2020-05-05 09:23:40.901862
Chile,1373.0,5.0,2020-05-05 09:23:40.901862
Ireland,211.0,20.0,2020-05-05 09:23:40.901862
Singapore,632.0,,2020-05-05 09:23:40.901862
Belarus,861.0,4.0,2020-05-05 09:23:40.901862
Qatar,951.0,,2020-05-05 09:23:40.901862
Israel,43.0,3.0,2020-05-05 09:23:40.901862
Austria,29.0,6.0,2020-05-05 09:23:40.901862
Japan,175.0,20.0,2020-05-05 09:23:40.901862
UAE,462.0,9.0,2020-05-05 09:23:40.901862
Poland,425.0,18.0,2020-05-05 09:23:40.901862
Romania,325.0,23.0,2020-05-05 09:23:40.901862
Ukraine,366.0,13.0,2020-05-05 09:23:40.901862
Indonesia,484.0,8.0,2020-05-05 09:23:40.901862
Bangladesh,786.0,1.0,2020-05-05 09:23:40.901862
S. Korea,3.0,2.0,2020-05-05 09:23:40.901862
Denmark,151.0,10.0,2020-05-05 09:23:40.901862
Philippines,199.0,14.0,2020-05-05 09:23:40.901862
Serbia,120.0,3.0,2020-05-05 09:23:40.901862
Colombia,640.0,20.0,2020-05-05 09:23:40.901862
Dominican Republic,245.0,8.0,2020-05-05 09:23:40.901862
Norway,51.0,1.0,2020-05-05 09:23:40.901862
Czechia,77.0,5.0,2020-05-05 09:23:40.901862
South Africa,352.0,10.0,2020-05-05 09:23:40.901862
Panama,190.0,3.0,2020-05-05 09:23:40.901862
Egypt,388.0,16.0,2020-05-05 09:23:40.901862
Australia,24.0,1.0,2020-05-05 09:23:40.901862
Malaysia,30.0,1.0,2020-05-05 09:23:40.901862
Kuwait,526.0,,2020-05-05 09:23:40.901862
Finland,85.0,6.0,2020-05-05 09:23:40.901862
Morocco,166.0,2.0,2020-05-05 09:23:40.901862
Argentina,133.0,4.0,2020-05-05 09:23:40.901862
Algeria,190.0,5.0,2020-05-05 09:23:40.901862
Moldova,115.0,4.0,2020-05-05 09:23:40.901862
Kazakhstan,156.0,,2020-05-05 09:23:40.901862
Luxembourg,12.0,,2020-05-05 09:23:40.901862
Bahrain,187.0,,2020-05-05 09:23:40.901862
Afghanistan,330.0,5.0,2020-05-05 09:23:40.901862
Hungary,30.0,12.0,2020-05-05 09:23:40.901862
Thailand,1.0,,2020-05-05 09:23:40.901862
Nigeria,148.0,5.0,2020-05-05 09:23:40.901862
Oman,98.0,1.0,2020-05-05 09:23:40.901862
Ghana,,,2020-05-05 09:23:40.901862
Greece,10.0,,2020-05-05 09:23:40.901862
Armenia,112.0,1.0,2020-05-05 09:23:40.901862
Iraq,85.0,4.0,2020-05-05 09:23:40.901862
Uzbekistan,18.0,,2020-05-05 09:23:40.901862
Croatia,11.0,3.0,2020-05-05 09:23:40.901862
Cameroon,,,2020-05-05 09:23:40.901862
Azerbaijan,76.0,,2020-05-05 09:23:40.901862
Bosnia and Herzegovina,20.0,1.0,2020-05-05 09:23:40.901862
Guinea,101.0,1.0,2020-05-05 09:23:40.901862
Iceland,,,2020-05-05 09:23:40.901862
Estonia,8.0,,2020-05-05 09:23:40.901862
Bulgaria,52.0,2.0,2020-05-05 09:23:40.901862
Cuba,17.0,,2020-05-05 09:23:40.901862
Bolivia,87.0,6.0,2020-05-05 09:23:40.901862
North Macedonia,8.0,1.0,2020-05-05 09:23:40.901862
New Zealand,,,2020-05-05 09:23:40.901862
Ivory Coast,32.0,1.0,2020-05-05 09:23:40.901862
Slovenia,6.0,1.0,2020-05-05 09:23:40.901862
Lithuania,4.0,,2020-05-05 09:23:40.901862
Slovakia,8.0,,2020-05-05 09:23:40.901862
Senegal,58.0,1.0,2020-05-05 09:23:40.901862
Honduras,123.0,1.0,2020-05-05 09:23:40.901862
Djibouti,4.0,,2020-05-05 09:23:40.901862
Hong Kong,,,2020-05-05 09:23:40.901862
Tunisia,4.0,,2020-05-05 09:23:40.901862
Latvia,,1.0,2020-05-05 09:23:40.901862
Cyprus,4.0,,2020-05-05 09:23:40.901862
Kyrgyzstan,13.0,1.0,2020-05-05 09:23:40.901862
Somalia,79.0,3.0,2020-05-05 09:23:40.901862
Albania,17.0,,2020-05-05 09:23:40.901862
Sudan,100.0,4.0,2020-05-05 09:23:40.901862
Sri Lanka,20.0,1.0,2020-05-05 09:23:40.901862
Niger,8.0,1.0,2020-05-05 09:23:40.901862
Costa Rica,13.0,,2020-05-05 09:23:40.901862
Andorra,1.0,1.0,2020-05-05 09:23:40.901862
Lebanon,1.0,,2020-05-05 09:23:40.901862
Mayotte,53.0,3.0,2020-05-05 09:23:40.901862
Guatemala,27.0,2.0,2020-05-05 09:23:40.901862
Diamond Princess,,,2020-05-05 09:23:40.901862
DRC,23.0,,2020-05-05 09:23:40.901862
Burkina Faso,16.0,2.0,2020-05-05 09:23:40.901862
Uruguay,13.0,,2020-05-05 09:23:40.901862
Mali,32.0,3.0,2020-05-05 09:23:40.901862
Georgia,11.0,,2020-05-05 09:23:40.901862
San Marino,7.0,,2020-05-05 09:23:40.901862
El Salvador,32.0,,2020-05-05 09:23:40.901862
Maldives,32.0,1.0,2020-05-05 09:23:40.901862
Channel Islands,1.0,,2020-05-05 09:23:40.901862
Kenya,45.0,,2020-05-05 09:23:40.901862
Malta,2.0,1.0,2020-05-05 09:23:40.901862
Tanzania,,,2020-05-05 09:23:40.901862
Jamaica,2.0,,2020-05-05 09:23:40.901862
Jordan,6.0,,2020-05-05 09:23:40.901862
Taiwan,,,2020-05-05 09:23:40.901862
Paraguay,35.0,,2020-05-05 09:23:40.901862
Réunion,,,2020-05-05 09:23:40.901862
Guinea-Bissau,,,2020-05-05 09:23:40.901862
Gabon,30.0,,2020-05-05 09:23:40.901862
Palestine,9.0,,2020-05-05 09:23:40.901862
Venezuela,4.0,,2020-05-05 09:23:40.901862
Mauritius,,,2020-05-05 09:23:40.901862
Isle of Man,1.0,,2020-05-05 09:23:40.901862
Montenegro,1.0,,2020-05-05 09:23:40.901862
Equatorial Guinea,,,2020-05-05 09:23:40.901862
Tajikistan,63.0,2.0,2020-05-05 09:23:40.901862
Vietnam,,,2020-05-05 09:23:40.901862
Rwanda,,,2020-05-05 09:23:40.901862
Congo,,,2020-05-05 09:23:40.901862
Sierra Leone,21.0,2.0,2020-05-05 09:23:40.901862
Faeroe Islands,,,2020-05-05 09:23:40.901862
Cabo Verde,11.0,,2020-05-05 09:23:40.901862
Martinique,,,2020-05-05 09:23:40.901862
Sao Tome and Principe,151.0,,2020-05-05 09:23:40.901862
Liberia,4.0,2.0,2020-05-05 09:23:40.901862
Chad,53.0,7.0,2020-05-05 09:23:40.901862
Myanmar,,,2020-05-05 09:23:40.901862
Guadeloupe,,,2020-05-05 09:23:40.901862
Madagascar,2.0,,2020-05-05 09:23:40.901862
Ethiopia,5.0,1.0,2020-05-05 09:23:40.901862
Gibraltar,,,2020-05-05 09:23:40.901862
Zambia,1.0,,2020-05-05 09:23:40.901862
Brunei,,,2020-05-05 09:23:40.901862
French Guiana,,,2020-05-05 09:23:40.901862
Togo,2.0,,2020-05-05 09:23:40.901862
Cambodia,,,2020-05-05 09:23:40.901862
Eswatini,3.0,,2020-05-05 09:23:40.901862
Trinidad and Tobago,,,2020-05-05 09:23:40.901862
Bermuda,,,2020-05-05 09:23:40.901862
Haiti,1.0,1.0,2020-05-05 09:23:40.901862
Aruba,1.0,,2020-05-05 09:23:40.901862
Uganda,1.0,,2020-05-05 09:23:40.901862
Benin,,,2020-05-05 09:23:40.901862
Monaco,,,2020-05-05 09:23:40.901862
Guyana,,,2020-05-05 09:23:40.901862
Bahamas,6.0,,2020-05-05 09:23:40.901862
CAR,,,2020-05-05 09:23:40.901862
Barbados,,,2020-05-05 09:23:40.901862
Liechtenstein,,,2020-05-05 09:23:40.901862
Nepal,7.0,,2020-05-05 09:23:40.901862
Mozambique,1.0,,2020-05-05 09:23:40.901862
Sint Maarten,,1.0,2020-05-05 09:23:40.901862
Cayman Islands,,,2020-05-05 09:23:40.901862
Libya,,,2020-05-05 09:23:40.901862
French Polynesia,2.0,,2020-05-05 09:23:40.901862
South Sudan,6.0,,2020-05-05 09:23:40.901862
Macao,,,2020-05-05 09:23:40.901862
Syria,,,2020-05-05 09:23:40.901862
Malawi,,,2020-05-05 09:23:40.901862
Mongolia,1.0,,2020-05-05 09:23:40.901862
Eritrea,,,2020-05-05 09:23:40.901862
Saint Martin,,,2020-05-05 09:23:40.901862
Angola,1.0,,2020-05-05 09:23:40.901862
Zimbabwe,,,2020-05-05 09:23:40.901862
Antigua and Barbuda,,,2020-05-05 09:23:40.901862
Timor-Leste,,,2020-05-05 09:23:40.901862
Botswana,,,2020-05-05 09:23:40.901862
Yemen,10.0,2.0,2020-05-05 09:23:40.901862
Grenada,,,2020-05-05 09:23:40.901862
Laos,,,2020-05-05 09:23:40.901862
Belize,,,2020-05-05 09:23:40.901862
Fiji,,,2020-05-05 09:23:40.901862
New Caledonia,,,2020-05-05 09:23:40.901862
Saint Lucia,,,2020-05-05 09:23:40.901862
Gambia,,,2020-05-05 09:23:40.901862
St. Vincent Grenadines,,,2020-05-05 09:23:40.901862
Nicaragua,1.0,,2020-05-05 09:23:40.901862
Curaçao,,,2020-05-05 09:23:40.901862
Dominica,,,2020-05-05 09:23:40.901862
Namibia,,,2020-05-05 09:23:40.901862
Burundi,,,2020-05-05 09:23:40.901862
Saint Kitts and Nevis,,,2020-05-05 09:23:40.901862
Falkland Islands,,,2020-05-05 09:23:40.901862
Turks and Caicos,,,2020-05-05 09:23:40.901862
Montserrat,,,2020-05-05 09:23:40.901862
Greenland,,,2020-05-05 09:23:40.901862
Vatican City,,,2020-05-05 09:23:40.901862
Seychelles,,,2020-05-05 09:23:40.901862
Suriname,,,2020-05-05 09:23:40.901862
MS Zaandam,,,2020-05-05 09:23:40.901862
Mauritania,,,2020-05-05 09:23:40.901862
Papua New Guinea,,,2020-05-05 09:23:40.901862
British Virgin Islands,1.0,,2020-05-05 09:23:40.901862
Bhutan,,,2020-05-05 09:23:40.901862
Caribbean Netherlands,,,2020-05-05 09:23:40.901862
St. Barth,,,2020-05-05 09:23:40.901862
Western Sahara,,,2020-05-05 09:23:40.901862
Anguilla,,,2020-05-05 09:23:40.901862
Comoros,,,2020-05-05 09:23:40.901862
Saint Pierre Miquelon,,,2020-05-05 09:23:40.901862
China,3.0,,2020-05-04 12:18:45.453063
USA,24713.0,1324.0,2020-05-04 12:18:45.453063
Spain,1179.0,164.0,2020-05-04 12:18:45.453063
Italy,1221.0,195.0,2020-05-04 12:18:45.453063
UK,3985.0,288.0,2020-05-04 12:18:45.453063
France,769.0,306.0,2020-05-04 12:18:45.453063
Germany,488.0,127.0,2020-05-04 12:18:45.453063
Russia,10581.0,76.0,2020-05-04 12:18:45.453063
Turkey,1614.0,64.0,2020-05-04 12:18:45.453063
Brazil,7119.0,318.0,2020-05-04 12:18:45.453063
Iran,1223.0,74.0,2020-05-04 12:18:45.453063
Canada,1298.0,172.0,2020-05-04 12:18:45.453063
Belgium,361.0,80.0,2020-05-04 12:18:45.453063
Peru,1444.0,58.0,2020-05-04 12:18:45.453063
India,3932.0,175.0,2020-05-04 12:18:45.453063
Netherlands,199.0,26.0,2020-05-04 12:18:45.453063
Ecuador,2343.0,5.0,2020-05-04 12:18:45.453063
Switzerland,76.0,22.0,2020-05-04 12:18:45.453063
Saudi Arabia,1645.0,7.0,2020-05-04 12:18:45.453063
Portugal,242.0,20.0,2020-05-04 12:18:45.453063
Mexico,1383.0,93.0,2020-05-04 12:18:45.453063
Sweden,404.0,90.0,2020-05-04 12:18:45.453063
Ireland,266.0,16.0,2020-05-04 12:18:45.453063
Pakistan,857.0,19.0,2020-05-04 12:18:45.453063
Chile,980.0,10.0,2020-05-04 12:18:45.453063
Singapore,573.0,,2020-05-04 12:18:45.453063
Belarus,784.0,4.0,2020-05-04 12:18:45.453063
Israel,38.0,3.0,2020-05-04 12:18:45.453063
Qatar,640.0,,2020-05-04 12:18:45.453063
Austria,24.0,2.0,2020-05-04 12:18:45.453063
Japan,201.0,49.0,2020-05-04 12:18:45.453063
UAE,567.0,11.0,2020-05-04 12:18:45.453063
Poland,313.0,20.0,2020-05-04 12:18:45.453063
Romania,349.0,28.0,2020-05-04 12:18:45.453063
Ukraine,418.0,15.0,2020-05-04 12:18:45.453063
Indonesia,395.0,19.0,2020-05-04 12:18:45.453063
S. Korea,8.0,2.0,2020-05-04 12:18:45.453063
Bangladesh,688.0,5.0,2020-05-04 12:18:45.453063
Denmark,147.0,9.0,2020-05-04 12:18:45.453063
Serbia,93.0,4.0,2020-05-04 12:18:45.453063
Philippines,262.0,16.0,2020-05-04 12:18:45.453063
Dominican Republic,281.0,13.0,2020-05-04 12:18:45.453063
Colombia,305.0,18.0,2020-05-04 12:18:45.453063
Norway,57.0,3.0,2020-05-04 12:18:45.453063
Czechia,38.0,4.0,2020-05-04 12:18:45.453063
South Africa,437.0,7.0,2020-05-04 12:18:45.453063
Panama,107.0,3.0,2020-05-04 12:18:45.453063
Australia,24.0,,2020-05-04 12:18:45.453063
Egypt,348.0,7.0,2020-05-04 12:18:45.453063
Malaysia,55.0,,2020-05-04 12:18:45.453063
Finland,73.0,10.0,2020-05-04 12:18:45.453063
Kuwait,295.0,2.0,2020-05-04 12:18:45.453063
Morocco,150.0,5.0,2020-05-04 12:18:45.453063
Argentina,104.0,14.0,2020-05-04 12:18:45.453063
Algeria,174.0,2.0,2020-05-04 12:18:45.453063
Moldova,127.0,7.0,2020-05-04 12:18:45.453063
Kazakhstan,129.0,2.0,2020-05-04 12:18:45.453063
Luxembourg,4.0,,2020-05-04 12:18:45.453063
Bahrain,150.0,,2020-05-04 12:18:45.453063
Hungary,37.0,11.0,2020-05-04 12:18:45.453063
Thailand,18.0,,2020-05-04 12:18:45.453063
Afghanistan,190.0,5.0,2020-05-04 12:18:45.453063
Nigeria,244.0,6.0,2020-05-04 12:18:45.453063
Ghana,550.0,,2020-05-04 12:18:45.453063
Oman,69.0,,2020-05-04 12:18:45.453063
Greece,6.0,2.0,2020-05-04 12:18:45.453063
Armenia,121.0,4.0,2020-05-04 12:18:45.453063
Iraq,50.0,1.0,2020-05-04 12:18:45.453063
Uzbekistan,40.0,,2020-05-04 12:18:45.453063
Cameroon,27.0,,2020-05-04 12:18:45.453063
Croatia,5.0,1.0,2020-05-04 12:18:45.453063
Azerbaijan,52.0,1.0,2020-05-04 12:18:45.453063
Bosnia and Herzegovina,69.0,1.0,2020-05-04 12:18:45.453063
Iceland,,,2020-05-04 12:18:45.453063
Guinea,124.0,2.0,2020-05-04 12:18:45.453063
Estonia,3.0,,2020-05-04 12:18:45.453063
Cuba,19.0,2.0,2020-05-04 12:18:45.453063
Bulgaria,34.0,5.0,2020-05-04 12:18:45.453063
Bolivia,124.0,5.0,2020-05-04 12:18:45.453063
North Macedonia,7.0,1.0,2020-05-04 12:18:45.453063
New Zealand,,,2020-05-04 12:18:45.453063
Slovenia,,1.0,2020-05-04 12:18:45.453063
Ivory Coast,34.0,,2020-05-04 12:18:45.453063
Lithuania,9.0,,2020-05-04 12:18:45.453063
Slovakia,5.0,1.0,2020-05-04 12:18:45.453063
Senegal,89.0,1.0,2020-05-04 12:18:45.453063
Djibouti,4.0,,2020-05-04 12:18:45.453063
Honduras,45.0,6.0,2020-05-04 12:18:45.453063
Hong Kong,1.0,,2020-05-04 12:18:45.453063
Tunisia,5.0,1.0,2020-05-04 12:18:45.453063
Latvia,17.0,,2020-05-04 12:18:45.453063
Cyprus,2.0,,2020-05-04 12:18:45.453063
Kyrgyzstan,35.0,,2020-05-04 12:18:45.453063
Albania,8.0,,2020-05-04 12:18:45.453063
Somalia,34.0,3.0,2020-05-04 12:18:45.453063
Niger,5.0,1.0,2020-05-04 12:18:45.453063
Sri Lanka,33.0,1.0,2020-05-04 12:18:45.453063
Andorra,2.0,,2020-05-04 12:18:45.453063
Costa Rica,3.0,,2020-05-04 12:18:45.453063
Lebanon,3.0,,2020-05-04 12:18:45.453063
Diamond Princess,,,2020-05-04 12:18:45.453063
Guatemala,15.0,,2020-05-04 12:18:45.453063
Mayotte,36.0,,2020-05-04 12:18:45.453063
DRC,8.0,1.0,2020-05-04 12:18:45.453063
Sudan,86.0,,2020-05-04 12:18:45.453063
Burkina Faso,10.0,1.0,2020-05-04 12:18:45.453063
Uruguay,2.0,,2020-05-04 12:18:45.453063
Georgia,4.0,,2020-05-04 12:18:45.453063
San Marino,,,2020-05-04 12:18:45.453063
Mali,17.0,2.0,2020-05-04 12:18:45.453063
El Salvador,65.0,2.0,2020-05-04 12:18:45.453063
Channel Islands,,,2020-05-04 12:18:45.453063
Maldives,14.0,,2020-05-04 12:18:45.453063
Kenya,25.0,,2020-05-04 12:18:45.453063
Tanzania,,,2020-05-04 12:18:45.453063
Malta,3.0,,2020-05-04 12:18:45.453063
Jamaica,6.0,1.0,2020-05-04 12:18:45.453063
Jordan,4.0,,2020-05-04 12:18:45.453063
Taiwan,6.0,,2020-05-04 12:18:45.453063
Réunion,1.0,,2020-05-04 12:18:45.453063
Guinea-Bissau,156.0,,2020-05-04 12:18:45.453063
Paraguay,26.0,,2020-05-04 12:18:45.453063
Gabon,32.0,1.0,2020-05-04 12:18:45.453063
Palestine,9.0,,2020-05-04 12:18:45.453063
Venezuela,,,2020-05-04 12:18:45.453063
Mauritius,,,2020-05-04 12:18:45.453063
Isle of Man,4.0,1.0,2020-05-04 12:18:45.453063
Montenegro,1.0,,2020-05-04 12:18:45.453063
Equatorial Guinea,,2.0,2020-05-04 12:18:45.453063
Vietnam,,,2020-05-04 12:18:45.453063
Rwanda,2.0,,2020-05-04 12:18:45.453063
Congo,7.0,1.0,2020-05-04 12:18:45.453063
Tajikistan,102.0,1.0,2020-05-04 12:18:45.453063
Faeroe Islands,,,2020-05-04 12:18:45.453063
Martinique,2.0,,2020-05-04 12:18:45.453063
Sierra Leone,12.0,1.0,2020-05-04 12:18:45.453063
Cabo Verde,10.0,,2020-05-04 12:18:45.453063
Liberia,8.0,,2020-05-04 12:18:45.453063
Myanmar,6.0,,2020-05-04 12:18:45.453063
Guadeloupe,,,2020-05-04 12:18:45.453063
Madagascar,,,2020-05-04 12:18:45.453063
Gibraltar,,,2020-05-04 12:18:45.453063
Ethiopia,5.0,,2020-05-04 12:18:45.453063
Brunei,,,2020-05-04 12:18:45.453063
Zambia,13.0,,2020-05-04 12:18:45.453063
French Guiana,5.0,,2020-05-04 12:18:45.453063
Togo,2.0,,2020-05-04 12:18:45.453063
Cambodia,,,2020-05-04 12:18:45.453063
Chad,,,2020-05-04 12:18:45.453063
Trinidad and Tobago,,,2020-05-04 12:18:45.453063
Eswatini,4.0,,2020-05-04 12:18:45.453063
Bermuda,,,2020-05-04 12:18:45.453063
Haiti,15.0,3.0,2020-05-04 12:18:45.453063
Aruba,,,2020-05-04 12:18:45.453063
Uganda,8.0,,2020-05-04 12:18:45.453063
Benin,6.0,,2020-05-04 12:18:45.453063
Monaco,,,2020-05-04 12:18:45.453063
Guyana,10.0,,2020-05-04 12:18:45.453063
CAR,13.0,,2020-05-04 12:18:45.453063
Bahamas,,,2020-05-04 12:18:45.453063
Barbados,1.0,,2020-05-04 12:18:45.453063
Liechtenstein,,,2020-05-04 12:18:45.453063
Mozambique,,,2020-05-04 12:18:45.453063
Sint Maarten,,,2020-05-04 12:18:45.453063
Cayman Islands,1.0,,2020-05-04 12:18:45.453063
Nepal,,,2020-05-04 12:18:45.453063
Libya,,,2020-05-04 12:18:45.453063
French Polynesia,,,2020-05-04 12:18:45.453063
South Sudan,,,2020-05-04 12:18:45.453063
Macao,,,2020-05-04 12:18:45.453063
Syria,,,2020-05-04 12:18:45.453063
Malawi,2.0,,2020-05-04 12:18:45.453063
Mongolia,1.0,,2020-05-04 12:18:45.453063
Eritrea,,,2020-05-04 12:18:45.453063
Saint Martin,,,2020-05-04 12:18:45.453063
Angola,,,2020-05-04 12:18:45.453063
Zimbabwe,,,2020-05-04 12:18:45.453063
Antigua and Barbuda,,,2020-05-04 12:18:45.453063
Timor-Leste,,,2020-05-04 12:18:45.453063
Sao Tome and Principe,7.0,2.0,2020-05-04 12:18:45.453063
Botswana,,,2020-05-04 12:18:45.453063
Grenada,,,2020-05-04 12:18:45.453063
Laos,,,2020-05-04 12:18:45.453063
Belize,,,2020-05-04 12:18:45.453063
Fiji,,,2020-05-04 12:18:45.453063
New Caledonia,,,2020-05-04 12:18:45.453063
Saint Lucia,,,2020-05-04 12:18:45.453063
Gambia,,,2020-05-04 12:18:45.453063
St. Vincent Grenadines,1.0,,2020-05-04 12:18:45.453063
Curaçao,,,2020-05-04 12:18:45.453063
Dominica,,,2020-05-04 12:18:45.453063
Namibia,,,2020-05-04 12:18:45.453063
Nicaragua,1.0,2.0,2020-05-04 12:18:45.453063
Burundi,,,2020-05-04 12:18:45.453063
Saint Kitts and Nevis,,,2020-05-04 12:18:45.453063
Falkland Islands,,,2020-05-04 12:18:45.453063
Yemen,2.0,,2020-05-04 12:18:45.453063
Turks and Caicos,,,2020-05-04 12:18:45.453063
Montserrat,,,2020-05-04 12:18:45.453063
Greenland,,,2020-05-04 12:18:45.453063
Vatican City,,,2020-05-04 12:18:45.453063
Seychelles,,,2020-05-04 12:18:45.453063
Suriname,,,2020-05-04 12:18:45.453063
MS Zaandam,,,2020-05-04 12:18:45.453063
Mauritania,,,2020-05-04 12:18:45.453063
Papua New Guinea,,,2020-05-04 12:18:45.453063
Bhutan,,,2020-05-04 12:18:45.453063
British Virgin Islands,,,2020-05-04 12:18:45.453063
Caribbean Netherlands,,,2020-05-04 12:18:45.453063
St. Barth,,,2020-05-04 12:18:45.453063
Western Sahara,,,2020-05-04 12:18:45.453063
Anguilla,,,2020-05-04 12:18:45.453063
Comoros,,,2020-05-04 12:18:45.453063
Saint Pierre Miquelon,,,2020-05-04 12:18:45.453063
